rowId,projectTitle,projectDescription,problemStatement,projectGoal,projectType,productVision,entityTitle,entityDescription
1,Digital Payment Platform,A platform for processing and monitoring digital payments.,Businesses need a reliable mechanism for processing customer payments through multiple channels.,Provide secure and efficient digital payment processing.,development,,Account Access Control,Users should be prevented from accessing another customer's account even when they know the account identifier.
2,Food Delivery Platform,"A platform connecting customers, restaurants, and delivery partners.",Customers need convenient access to food delivery services from nearby restaurants.,Enable efficient ordering and delivery of food.,development,,Password Expiry Rule,A password must be changed after the configured validity period has elapsed.
3,Travel Booking Platform,"A platform for searching and booking flights, hotels, and travel services.",Travelers need a centralized platform to plan and book their trips efficiently.,Simplify travel planning and booking for customers.,development,Provide a convenient digital platform for managing complete travel bookings.,Third Party Identity Service,The platform should exchange authentication tokens with an external identity provider.
4,Legal Case Management System,"A platform for managing legal cases, documents, hearings, clients, and case-related activities.",Legal teams need organized access to information associated with ongoing cases.,Improve organization and tracking of legal case information.,enhancement,,Monthly Spending Dashboard,Customers can view their spending trends and transaction summaries in one place.
5,Public Transportation Platform,"A platform providing information about public transportation routes, schedules, and services.",Passengers need accurate information about public transportation availability and schedules.,Improve access to public transportation information.,development,,Browser Compatibility Boundary,The first release supports the latest two versions of the supported desktop browsers only.
6,Insurance Claims Platform,"A digital platform for submitting, processing, reviewing, and tracking insurance claims.",Policy holders need a transparent way to submit and track their insurance claims.,Simplify and improve insurance claim processing.,enhancement,Provide transparent and efficient digital claim processing for policy holders.,Delivery Address Validation,The platform shall validate a delivery address before an order can be submitted.
7,Property Management System,"A platform for managing properties, tenants, leases, maintenance requests, and property information.",Property managers need centralized management of properties and tenant activities.,Improve efficiency of property management operations.,enhancement,,Weather Service Connector,The application retrieves current weather information from an external weather service.
8,Human Resource Management System,"A system for managing employee records, attendance, leave, and organizational information.",Organizations need centralized management of employee information and workforce activities.,Improve the efficiency of human resource management.,enhancement,,Invoice Management,"Users can create, view, and organize invoices associated with their business accounts."
9,Online Examination System,A web-based platform for conducting examinations and evaluating student performance.,Educational institutions need a reliable system for conducting examinations remotely.,Provide secure and efficient online examinations.,maintenance,Maintain a reliable and secure digital examination environment.,Maximum File Upload Size,Uploaded documents must not exceed the configured file size limit.
10,University Course Management System,"A platform for managing courses, instructors, students, schedules, and academic activities.",Universities need centralized management of course-related academic information.,Improve coordination of university course management activities.,enhancement,,Customer Notification,Customers receive a notification when an important account event occurs.
11,Municipal Service Portal,A digital platform for accessing and managing municipal services and citizen requests.,Citizens need a centralized way to access municipal services and report local issues.,Improve accessibility and management of municipal services.,development,,Fraud Detection Feed,The banking platform consumes fraud alerts from an external fraud monitoring service.
12,Manufacturing Management System,"A system for managing production planning, manufacturing activities, equipment, and production records.",Manufacturing organizations need better coordination of production activities and resources.,Improve production planning and operational visibility.,enhancement,Provide manufacturers with coordinated visibility into production activities and resources.,User Preferences,Customers can manage notification and display preferences from their profile.
13,Restaurant Management System,"A platform for managing restaurant menus, orders, tables, and operational activities.",Restaurants need a centralized system to coordinate customer orders and daily operations.,Improve restaurant order and operational management.,development,,Support Hours Restriction,Live support requests are accepted only during the configured support hours.
14,Online Insurance Platform,"A digital platform for managing insurance products, applications, policies, and claims.",Customers need convenient access to insurance services and policy information.,Provide accessible digital insurance services.,development,Enable customers to manage insurance services through a secure digital platform.,Calendar Integration,The system synchronizes scheduled appointments with an external calendar service.
15,Smart Parking System,A platform for monitoring parking spaces and helping drivers locate available spaces.,Drivers need timely information about available parking spaces in crowded areas.,Improve parking availability and reduce the time spent searching for spaces.,development,Enable drivers to find and use available parking spaces efficiently.,Order Tracking,Customers can view the current status and history of their orders.
16,Subscription Management Platform,"A platform for managing customer subscriptions, plans, renewals, and subscription status.",Businesses need centralized management of recurring customer subscriptions.,Simplify subscription lifecycle management for businesses.,development,,Device Registration Limit,No account may have more than the configured number of registered devices.
17,Agriculture Monitoring Platform,"A platform for monitoring agricultural fields, environmental conditions, and farming activities.",Farm operators need timely information about field conditions and environmental changes.,Improve monitoring and management of agricultural operations.,development,Help farmers make informed decisions using centralized field and environmental information.,Random Banana Requirement,purple elephant seven banana window chair moon
18,Research Data Management System,"A platform for storing, organizing, sharing, and managing research datasets.",Researchers need structured management of datasets throughout research activities.,Improve organization and accessibility of research data.,development,Help researchers manage reliable and reusable research datasets throughout their projects.,Meeting Room Management,"Manage meeting rooms, availability, reservations, and room-related information."
19,Digital Library System,"A platform for managing digital books, users, borrowing records, and library resources.",Students and researchers need convenient access to digital learning resources.,Provide centralized access to digital library resources.,development,,Shipping Provider Interface,The platform sends shipment details to an external carrier and receives tracking updates.
20,Airline Operations System,"A system for managing flight schedules, aircraft information, crew assignments, and operational activities.",Airlines need coordinated management of flight operations and operational resources.,Improve the coordination and visibility of airline operations.,enhancement,Provide a centralized platform for reliable and coordinated airline operations.,Search Product,Customers can find products by entering keywords and applying available filters.
21,Fitness Tracking Platform,"A digital platform for tracking workouts, physical activities, and personal fitness progress.",Users need a convenient way to monitor their physical activities and fitness progress over time.,Help users track and improve their fitness activities.,development,Enable users to understand and improve their fitness through personalized activity tracking.,Payment Currency Restriction,Transactions are permitted only in currencies configured for the merchant account.
22,Cybersecurity Monitoring Platform,"A platform for monitoring security events, identifying suspicious activity, and managing security alerts.",Organizations need centralized visibility into security events across their systems.,Improve detection and monitoring of cybersecurity events.,development,Provide continuous visibility into security events to support timely incident response.,Customer Analytics,The platform provides aggregated information about customer activity and purchasing patterns.
23,Streaming Media Platform,"A platform for delivering movies, shows, and other digital media content to users.",Users need convenient access to digital entertainment content across supported devices.,Provide reliable access to streaming media content.,development,Deliver accessible digital entertainment experiences across supported devices.,Government Verification API,The application sends identity verification requests to an external government verification service.
24,Digital Wallet Platform,"A platform for managing digital wallets, balances, transfers, and payment transactions.",Users need a convenient mechanism for managing digital funds and transfers.,Provide secure and convenient digital wallet services.,development,Enable users to securely manage digital funds and perform everyday transactions.,Account Recovery,The system shall allow customers to recover access to their accounts after completing the configured verification process.
25,School Management System,"A platform for managing students, teachers, classes, attendance, and academic information.",Schools need centralized management of academic and administrative activities.,Improve coordination of school operations and academic information.,enhancement,,Maximum Session Duration,An authenticated session must expire after the configured maximum duration.
26,Online Event Management System,"A platform for creating, managing, and participating in online and offline events.",Event organizers need tools to manage event information and participant registrations.,Simplify event creation and participant management.,enhancement,,Warehouse Dashboard,"Provide a centralized view of inventory movement, storage activity, and warehouse status."
27,Construction Project Management Platform,"A platform for managing construction projects, tasks, resources, schedules, and project documentation.",Construction teams need centralized visibility into project activities and resource usage.,Improve coordination and monitoring of construction projects.,enhancement,Provide construction teams with centralized tools for coordinating project execution.,External SMS Gateway,The platform communicates with an external SMS provider to send verification messages.
28,Digital Voting Platform,"A system designed to support voter registration, ballot presentation, and election participation.",Eligible voters need a secure and accessible mechanism for participating in digital elections.,Provide a controlled platform for digital election participation.,development,Support secure and accessible digital participation in authorized elections.,Appointment Cancellation,Users can cancel an appointment before the configured cancellation deadline.
29,Healthcare Management System,"A system for managing patient information, appointments, and clinical workflows.",Healthcare providers need centralized access to accurate patient information.,Improve the management of patient information and healthcare workflows.,enhancement,Provide healthcare organizations with a unified platform for efficient patient management.,Scope of Initial Release,The first release covers web access and excludes native mobile applications.
30,Online Banking Platform,A digital banking platform for managing customer accounts and financial transactions.,Customers need secure and convenient access to banking services without visiting a physical branch.,Provide secure digital banking services for customers.,development,Enable customers to manage banking activities securely through a unified digital platform.,Unread Notification Count,Show users the number of notifications that remain unread.
31,Pharmacy Management System,"A platform for managing medicines, prescriptions, inventory, customers, and pharmacy operations.",Pharmacies need accurate management of medicine inventory and customer prescriptions.,Improve pharmacy inventory and prescription management.,maintenance,,Invalid Banana Banana,asdf qwer zxcv 12345 lorem blorp
32,Telemedicine Platform,A digital healthcare platform supporting remote consultations between patients and healthcare professionals.,Patients in remote locations need convenient access to healthcare consultations.,Provide accessible remote healthcare consultation services.,development,,Tax Calculation Service,The platform sends order information to an external tax service and receives the calculated tax amount.
33,Cloud File Storage,"A cloud platform for storing, synchronizing, and sharing digital files.",Users need secure access to their files across multiple devices.,Provide reliable and secure cloud-based file storage.,development,,Inventory Threshold,Stock levels must not fall below the configured safety threshold without generating an alert.
34,Retail Inventory System,"A system for tracking products, stock levels, and inventory operations.",Retail businesses need accurate and timely information about available inventory.,Improve inventory visibility and reduce stock-related errors.,enhancement,Provide real-time visibility into inventory across retail operations.,Customer Profile Management,"Manage customer profiles, contact information, preferences, and account details."
35,Logistics Management Platform,"A platform for managing shipments, routes, vehicles, and delivery operations.",Logistics organizations need better visibility into shipment movement and delivery operations.,Improve shipment tracking and delivery coordination.,maintenance,Enable logistics teams to coordinate and monitor deliveries efficiently.,Order Confirmation,The system shall send an order confirmation after a successful purchase.
36,Hospital Management Platform,"A platform for managing patients, doctors, appointments, billing, and clinical records.",Hospitals need coordinated management of patient and operational information.,Improve coordination between hospital departments and patient services.,maintenance,Support efficient and coordinated hospital operations through a unified platform.,API Rate Limit,An API consumer must not exceed the configured number of requests within a time window.
37,Vehicle Rental Platform,"An online platform for searching, reserving, and managing rental vehicles.",Customers need a convenient way to find and reserve suitable rental vehicles.,Provide a reliable platform for vehicle rental management.,development,Make vehicle rental discovery and reservation simple for customers.,External Maps Service,The application requests map and route information from an external maps provider.
38,Warehouse Management System,"A system for managing warehouse inventory, storage locations, receiving, and dispatch operations.",Warehouse operators need accurate visibility into stock and storage locations.,Improve warehouse inventory accuracy and operational efficiency.,maintenance,Provide centralized visibility and control over warehouse operations.,Report Generation,Users can generate and download reports based on selected business data.
39,E-Commerce Platform,An online platform for customers to discover and purchase products.,Customers need a convenient way to browse products and place orders online.,Provide a reliable online shopping experience.,development,,Just Random Text,coffee keyboard mountain 8844 blue maybe tomorrow spoon
40,Online Learning Platform,"A platform providing courses, learning materials, assessments, and student progress tracking.",Learners need centralized access to educational content and progress information.,Provide an accessible digital learning environment.,development,,Data Retention Period,Records must be retained for at least the configured retention period before they can be deleted.
